name,schema,description
A_LVR_LAND_A.CSV,SCHEMA-MAIN.CSV,臺北市不動產買賣
A_LVR_LAND_A_BUILD.CSV,SCHEMA-BUILD.CSV,臺北市建物不動產買賣
A_LVR_LAND_A_LAND.CSV,SCHEMA-LAND.CSV,臺北市土地不動產買賣
A_LVR_LAND_A_PARK.CSV,SCHEMA-PARK.CSV,臺北市停車場不動產買賣
B_LVR_LAND_A.CSV,SCHEMA-MAIN.CSV,臺中市不動產買賣
B_LVR_LAND_A_BUILD.CSV,SCHEMA-BUILD.CSV,臺中市建物不動產買賣
B_LVR_LAND_A_LAND.CSV,SCHEMA-LAND.CSV,臺中市土地不動產買賣
B_LVR_LAND_A_PARK.CSV,SCHEMA-PARK.CSV,臺中市停車場不動產買賣
C_LVR_LAND_A.CSV,SCHEMA-MAIN.CSV,基隆市不動產買賣
C_LVR_LAND_A_BUILD.CSV,SCHEMA-BUILD.CSV,基隆市建物不動產買賣
C_LVR_LAND_A_LAND.CSV,SCHEMA-LAND.CSV,基隆市土地不動產買賣
C_LVR_LAND_A_PARK.CSV,SCHEMA-PARK.CSV,基隆市停車場不動產買賣
D_LVR_LAND_A.CSV,SCHEMA-MAIN.CSV,臺南市不動產買賣
D_LVR_LAND_A_BUILD.CSV,SCHEMA-BUILD.CSV,臺南市建物不動產買賣
D_LVR_LAND_A_LAND.CSV,SCHEMA-LAND.CSV,臺南市土地不動產買賣
D_LVR_LAND_A_PARK.CSV,SCHEMA-PARK.CSV,臺南市停車場不動產買賣
E_LVR_LAND_A.CSV,SCHEMA-MAIN.CSV,高雄市不動產買賣
E_LVR_LAND_A_BUILD.CSV,SCHEMA-BUILD.CSV,高雄市建物不動產買賣
E_LVR_LAND_A_LAND.CSV,SCHEMA-LAND.CSV,高雄市土地不動產買賣
E_LVR_LAND_A_PARK.CSV,SCHEMA-PARK.CSV,高雄市停車場不動產買賣
F_LVR_LAND_A.CSV,SCHEMA-MAIN.CSV,新北市不動產買賣
F_LVR_LAND_A_BUILD.CSV,SCHEMA-BUILD.CSV,新北市建物不動產買賣
F_LVR_LAND_A_LAND.CSV,SCHEMA-LAND.CSV,新北市土地不動產買賣
F_LVR_LAND_A_PARK.CSV,SCHEMA-PARK.CSV,新北市停車場不動產買賣
G_LVR_LAND_A.CSV,SCHEMA-MAIN.CSV,宜蘭縣不動產買賣
G_LVR_LAND_A_BUILD.CSV,SCHEMA-BUILD.CSV,宜蘭縣建物不動產買賣
G_LVR_LAND_A_LAND.CSV,SCHEMA-LAND.CSV,宜蘭縣土地不動產買賣
G_LVR_LAND_A_PARK.CSV,SCHEMA-PARK.CSV,宜蘭縣停車場不動產買賣
H_LVR_LAND_A.CSV,SCHEMA-MAIN.CSV,桃園市不動產買賣
H_LVR_LAND_A_BUILD.CSV,SCHEMA-BUILD.CSV,桃園市建物不動產買賣
H_LVR_LAND_A_LAND.CSV,SCHEMA-LAND.CSV,桃園市土地不動產買賣
H_LVR_LAND_A_PARK.CSV,SCHEMA-PARK.CSV,桃園市停車場不動產買賣
I_LVR_LAND_A.CSV,SCHEMA-MAIN.CSV,嘉義市不動產買賣
I_LVR_LAND_A_BUILD.CSV,SCHEMA-BUILD.CSV,嘉義市建物不動產買賣
I_LVR_LAND_A_LAND.CSV,SCHEMA-LAND.CSV,嘉義市土地不動產買賣
I_LVR_LAND_A_PARK.CSV,SCHEMA-PARK.CSV,嘉義市停車場不動產買賣
J_LVR_LAND_A.CSV,SCHEMA-MAIN.CSV,新竹縣不動產買賣
J_LVR_LAND_A_BUILD.CSV,SCHEMA-BUILD.CSV,新竹縣建物不動產買賣
J_LVR_LAND_A_LAND.CSV,SCHEMA-LAND.CSV,新竹縣土地不動產買賣
J_LVR_LAND_A_PARK.CSV,SCHEMA-PARK.CSV,新竹縣停車場不動產買賣
K_LVR_LAND_A.CSV,SCHEMA-MAIN.CSV,苗栗縣不動產買賣
K_LVR_LAND_A_BUILD.CSV,SCHEMA-BUILD.CSV,苗栗縣建物不動產買賣
K_LVR_LAND_A_LAND.CSV,SCHEMA-LAND.CSV,苗栗縣土地不動產買賣
K_LVR_LAND_A_PARK.CSV,SCHEMA-PARK.CSV,苗栗縣停車場不動產買賣
M_LVR_LAND_A.CSV,SCHEMA-MAIN.CSV,南投縣不動產買賣
M_LVR_LAND_A_BUILD.CSV,SCHEMA-BUILD.CSV,南投縣建物不動產買賣
M_LVR_LAND_A_LAND.CSV,SCHEMA-LAND.CSV,南投縣土地不動產買賣
M_LVR_LAND_A_PARK.CSV,SCHEMA-PARK.CSV,南投縣停車場不動產買賣
N_LVR_LAND_A.CSV,SCHEMA-MAIN.CSV,彰化縣不動產買賣
N_LVR_LAND_A_BUILD.CSV,SCHEMA-BUILD.CSV,彰化縣建物不動產買賣
N_LVR_LAND_A_LAND.CSV,SCHEMA-LAND.CSV,彰化縣土地不動產買賣
N_LVR_LAND_A_PARK.CSV,SCHEMA-PARK.CSV,彰化縣停車場不動產買賣
O_LVR_LAND_A.CSV,SCHEMA-MAIN.CSV,新竹市不動產買賣
O_LVR_LAND_A_BUILD.CSV,SCHEMA-BUILD.CSV,新竹市建物不動產買賣
O_LVR_LAND_A_LAND.CSV,SCHEMA-LAND.CSV,新竹市土地不動產買賣
O_LVR_LAND_A_PARK.CSV,SCHEMA-PARK.CSV,新竹市停車場不動產買賣
P_LVR_LAND_A.CSV,SCHEMA-MAIN.CSV,雲林縣不動產買賣
P_LVR_LAND_A_BUILD.CSV,SCHEMA-BUILD.CSV,雲林縣建物不動產買賣
P_LVR_LAND_A_LAND.CSV,SCHEMA-LAND.CSV,雲林縣土地不動產買賣
P_LVR_LAND_A_PARK.CSV,SCHEMA-PARK.CSV,雲林縣停車場不動產買賣
Q_LVR_LAND_A.CSV,SCHEMA-MAIN.CSV,嘉義縣不動產買賣
Q_LVR_LAND_A_BUILD.CSV,SCHEMA-BUILD.CSV,嘉義縣建物不動產買賣
Q_LVR_LAND_A_LAND.CSV,SCHEMA-LAND.CSV,嘉義縣土地不動產買賣
Q_LVR_LAND_A_PARK.CSV,SCHEMA-PARK.CSV,嘉義縣停車場不動產買賣
T_LVR_LAND_A.CSV,SCHEMA-MAIN.CSV,屏東縣不動產買賣
T_LVR_LAND_A_BUILD.CSV,SCHEMA-BUILD.CSV,屏東縣建物不動產買賣
T_LVR_LAND_A_LAND.CSV,SCHEMA-LAND.CSV,屏東縣土地不動產買賣
T_LVR_LAND_A_PARK.CSV,SCHEMA-PARK.CSV,屏東縣停車場不動產買賣
U_LVR_LAND_A.CSV,SCHEMA-MAIN.CSV,花蓮縣不動產買賣
U_LVR_LAND_A_BUILD.CSV,SCHEMA-BUILD.CSV,花蓮縣建物不動產買賣
U_LVR_LAND_A_LAND.CSV,SCHEMA-LAND.CSV,花蓮縣土地不動產買賣
U_LVR_LAND_A_PARK.CSV,SCHEMA-PARK.CSV,花蓮縣停車場不動產買賣
V_LVR_LAND_A.CSV,SCHEMA-MAIN.CSV,臺東縣不動產買賣
V_LVR_LAND_A_BUILD.CSV,SCHEMA-BUILD.CSV,臺東縣建物不動產買賣
V_LVR_LAND_A_LAND.CSV,SCHEMA-LAND.CSV,臺東縣土地不動產買賣
W_LVR_LAND_A.CSV,SCHEMA-MAIN.CSV,金門縣不動產買賣
W_LVR_LAND_A_BUILD.CSV,SCHEMA-BUILD.CSV,金門縣建物不動產買賣
W_LVR_LAND_A_LAND.CSV,SCHEMA-LAND.CSV,金門縣土地不動產買賣
W_LVR_LAND_A_PARK.CSV,SCHEMA-PARK.CSV,金門縣停車場不動產買賣
X_LVR_LAND_A.CSV,SCHEMA-MAIN.CSV,澎湖縣不動產買賣
X_LVR_LAND_A_BUILD.CSV,SCHEMA-BUILD.CSV,澎湖縣建物不動產買賣
X_LVR_LAND_A_LAND.CSV,SCHEMA-LAND.CSV,澎湖縣土地不動產買賣
Z_LVR_LAND_A.CSV,SCHEMA-MAIN.CSV,連江縣不動產買賣
