編號,土地區段位置,土地移轉面積(平方公尺),使用分區或編定
The serial number,land sector position,land shifting area (square meter),the use zoning or compiles and checks
RPUNMLSKPHNFFBQ67CA,貴舍段,34.00,非都市：鄉村區 ; 非都市編定：乙種建築用地
RPPNMLPJPHNFFEQ07CA,雙溪段,49.00,非都市：山坡地保育區 ; 非都市編定：特定目的事業用地
RPRNMLTKPHNFFDQ67CA,下六段司公小段,7.75,都市：住
RPRNMLTKPHNFFDQ67CA,下六段司公小段,12.50,都市：其他
RPRNMLTKPHNFFDQ67CA,下六段司公小段,71.00,都市：住
RPRNMLTKPHNFFDQ67CA,下六段司公小段,40.00,都市：住
RPRNMLTKPHNFFDQ67CA,下六段司公小段,16.50,都市：其他
RPRNMLTKPHNFFDQ67CA,下六段司公小段,79.75,都市：住
RPRNMLTKPHNFFDQ67CA,下六段司公小段,269.50,都市：其他
RPRNMLTKPHNFFDQ67CA,下六段司公小段,374.75,都市：住
RPRNMLTKPHNFFDQ67CA,下六段司公小段,197.00,都市：其他
RPRNMLTKPHNFFDQ67CA,下六段司公小段,153.75,都市：住
RPRNMLTKPHNFFDQ67CA,下六段司公小段,2.50,都市：其他
RPUNMLPJPHNFFDQ47CA,義興段,8.79,非都市：特定農業區 ; 非都市編定：甲種建築用地
RPUNMLPJPHNFFDQ47CA,義興段,1009.00,非都市：特定農業區 ; 非都市編定：農牧用地
RPPNMLTJPHNFFCQ27CA,吉林段,105.00,都市：商
RPVNMLNJPHNFFDQ37CA,嘉新段,22.43,都市：住
RPWNMLPJPHNFFDQ67CA,中庄段,118.43,非都市：鄉村區 ; 非都市編定：乙種建築用地
RPSNMLTKPHNFFDQ77CA,下六段司公小段,71.00,都市：住
RPSNMLTKPHNFFDQ77CA,下六段司公小段,40.00,都市：住
RPSNMLTKPHNFFDQ77CA,下六段司公小段,16.50,都市：其他
RPSNMLTKPHNFFDQ77CA,下六段司公小段,12.50,都市：其他
RPSNMLTKPHNFFDQ77CA,下六段司公小段,374.75,都市：住
RPSNMLTKPHNFFDQ77CA,下六段司公小段,197.00,都市：其他
RPSNMLTKPHNFFDQ77CA,下六段司公小段,153.75,都市：住
RPSNMLTKPHNFFDQ77CA,下六段司公小段,2.50,都市：其他
RPSNMLTKPHNFFDQ77CA,下六段司公小段,7.75,都市：住
RPSNMLTKPHNFFDQ77CA,下六段司公小段,79.75,都市：住
RPSNMLTKPHNFFDQ77CA,下六段司公小段,269.50,都市：其他
RPQNMLPJPHNFFEQ17CA,雙溪段,38.00,非都市：山坡地保育區 ; 非都市編定：特定目的事業用地
RPQNMLOJPHNFFCQ07EA,古民段新民小段,107.00,都市：住
RPPNMLPJPHNFFBQ86DA,六斗尾段六斗小段,3380.00,非都市：特定農業區 ; 非都市編定：農牧用地
RPRNMLMKPHNFFEQ07CA,公田段,1041.33,非都市：森林區 ; 非都市編定：農牧用地
RPQNMLMKPHNFFEQ96CA,公田段,326.67,非都市：森林區 ; 非都市編定：丙種建築用地
RPQNMLMKPHNFFEQ96CA,公田段,375.67,非都市：森林區 ; 非都市編定：農牧用地
RPPNMLOJPHNFFCQ96EA,古民段新民小段,115.35,都市：住
RPSNMLOJPHNFFCQ27EA,古民段新民小段,135.39,都市：住
RPVNMLQJPHNFFBQ47CA,新寮段,3.58,都市：其他
RPVNMLQJPHNFFBQ47CA,新寮段,.96,都市：其他
RPVNMLQJPHNFFBQ47CA,新寮段,2.07,都市：住
RPVNMLQJPHNFFBQ47CA,新寮段,16.62,都市：住
RPVNMLQJPHNFFBQ47CA,新寮段,93.14,都市：住
RPPNMLQKPHNFFEQ27CA,大湖段,1032.00,非都市：森林區 ; 非都市編定：農牧用地
RPVNMLOJPHNFFCQ57EA,古民段新民小段,106.25,都市：住
RPRNMLOJPHNFFCQ17EA,古民段新民小段,105.50,都市：住
RPPNMLMKPHNFFEQ86CA,公田段,326.67,非都市：森林區 ; 非都市編定：丙種建築用地
RPPNMLMKPHNFFEQ86CA,公田段,870.67,非都市：森林區 ; 非都市編定：農牧用地
RPPNMLMKPHNFFEQ86CA,公田段,58.58,非都市：森林區 ; 非都市編定：農牧用地
RPPNMLMKPHNFFEQ86CA,公田段,261.33,非都市：森林區 ; 非都市編定：農牧用地
RPPNMLMKPHNFFEQ86CA,公田段,63.12,非都市：森林區 ; 非都市編定：農牧用地
RPPNMLMKPHNFFEQ86CA,公田段,375.67,非都市：森林區 ; 非都市編定：農牧用地
RPWNMLOJPHNFFCQ67EA,古民段新民小段,115.15,都市：住
RPOOMLOJPHNFFCQ96EA,古民段新民小段,111.20,都市：住
RPTNMLOJPHNFFCQ37EA,古民段新民小段,106.00,都市：住
RPUNMLOJPHNFFCQ47EA,古民段新民小段,107.25,都市：住
RPQNMLPJPHNFFCQ17EA,本廳段本廳小段,1813.00,非都市：特定農業區 ; 非都市編定：農牧用地
RPSNMLLMPHNFFCQ27EA,山中段,95.00,非都市：鄉村區 ; 非都市編定：乙種建築用地
RPQNMLQJPHNFFCQ27EA,古民段新民小段,7.00,都市：住
RPQNMLMKPHNFFCQ96EA,柴林段柴林小段,2568.00,非都市：特定農業區 ; 非都市編定：農牧用地
RPUNMLTKPHNFFDQ08DA,柳林段,97.95,非都市：鄉村區 ; 非都市編定：乙種建築用地
RPQOMLOJPHNFFCQ07DA,頂員林段,347.00,非都市：鄉村區 ; 非都市編定：乙種建築用地
RPQOMLOJPHNFFCQ07DA,頂員林段,297.00,非都市：鄉村區 ; 非都市編定：乙種建築用地
RPPNMLRJPHNFFEQ27CA,生毛樹段,1086.00,非都市：風景區 ; 非都市編定：農牧用地
RPPNMLRJPHNFFEQ27CA,生毛樹段,925.00,非都市： ; 非都市編定：
RPPNMLRJPHNFFEQ27CA,生毛樹段,1694.00,非都市： ; 非都市編定：
RPPNMLRJPHNFFEQ27CA,生毛樹段,828.00,非都市： ; 非都市編定：
RPXNMLOJPHNFFCQ77EA,古民段新民小段,106.75,都市：住
RPRNMLKLPHNFFEQ96CA,南下坑段,700.01,非都市：一般農業區 ; 非都市編定：農牧用地
RPRNMLSLPHNFFCQ57CA,北斗段,640.97,都市：住
RPPNMLLKPHNFFEQ76CA,龍眼林段,1020.00,非都市：山坡地保育區 ; 非都市編定：農牧用地
RPPNMLQLPHNFFDQ27CA,柳鄉段,31.20,非都市：鄉村區 ; 非都市編定：乙種建築用地
RPPNMLQLPHNFFDQ27CA,柳鄉段,23.93,非都市：鄉村區 ; 非都市編定：乙種建築用地
RPUNMLPJPHNFFCQ37CA,後底湖段後底湖小段,2817.00,非都市：特定農業區 ; 非都市編定：農牧用地
RPUNMLPJPHNFFCQ37CA,後底湖段後底湖小段,3237.00,非都市：特定農業區 ; 非都市編定：農牧用地
RPSNMLSLPHNFFCQ67CA,北斗段,1479.00,都市：住
RPRNMLPJPHNFFCQ07CA,潭底段潭底小段,.92,都市：住
RPRNMLPJPHNFFCQ07CA,潭底段潭底小段,.96,都市：住
RPRNMLPJPHNFFCQ07CA,潭底段潭底小段,.97,都市：住
RPRNMLPJPHNFFCQ07CA,潭底段潭底小段,36.48,都市：住
RPRNMLPJPHNFFCQ07CA,潭底段潭底小段,2.32,都市：住
RPRNMLPJPHNFFCQ07CA,潭底段潭底小段,.80,都市：住
RPRNMLPJPHNFFCQ07CA,潭底段潭底小段,.04,都市：住
RPQOMLOJPHNFFDQ07CA,後麻段,160.99,非都市：特定農業區 ; 非都市編定：農牧用地
RPUOMLOJPHNFFCQ37CA,福興段,8.58,非都市：鄉村區 ; 非都市編定：乙種建築用地
RPUOMLOJPHNFFCQ37CA,福興段,8.58,非都市：鄉村區 ; 非都市編定：乙種建築用地
RPUOMLOJPHNFFCQ37CA,福興段,23.27,非都市：鄉村區 ; 非都市編定：乙種建築用地
RPUOMLOJPHNFFCQ37CA,福興段,23.27,非都市：鄉村區 ; 非都市編定：乙種建築用地
RPPNMLPJPHNFFCQ86CA,中坑段中坑小段,1848.03,非都市：特定專用區 ; 非都市編定：農牧用地
RPSOMLOJPHNFFBQ07CA,雙涵段雙涵小段,102.56,非都市：鄉村區 ; 非都市編定：乙種建築用地
RPQNMLQKPHNFFBQ07CA,菜舖段新吉小段,2349.00,非都市：一般農業區 ; 非都市編定：農牧用地
RPROMLOJPHNFFBQ96CA,頭竹圍段,7500.00,非都市：一般農業區 ; 非都市編定：養殖用地
RPRNMLQJPHNFFDQ27CA,吳鳳廟段,73.15,都市：住
RPPNMLSJPHNFFCQ17CA,新庄段,78.59,非都市：鄉村區 ; 非都市編定：乙種建築用地
RPROMLLMPHNFFBQ96CA,新寮段,22.60,都市：住
RPROMLLMPHNFFBQ96CA,新寮段,124.71,都市：住
RPQOMLLMPHNFFBQ86CA,新寮段,3.22,都市：住
RPUNMLOJPHNFFBQ17CA,栗子崙段中洲小段,4100.00,非都市：一般農業區 ; 非都市編定：農牧用地
RPTNMLPJPHNFFBQ17CA,西後寮段西榮小段,3130.00,非都市：特定農業區 ; 非都市編定：農牧用地
RPRNMLPJPHNFFBQ96CA,三塊厝新段,140.44,非都市：一般農業區 ; 非都市編定：農牧用地
RPPNMLQJPHNFFBQ86CA,角帶圍段帶圍小段,2228.00,非都市：特定農業區 ; 非都市編定：農牧用地
RPPNMLOLPHNFFBQ86CA,菜埔段永和小段,409.00,非都市：特定農業區 ; 非都市編定：農牧用地
RPQNMLPJPHNFFBQ86CA,三塊厝新段,67.03,非都市：一般農業區 ; 非都市編定：農牧用地
RPPNMLOLPHNFFBQ86CA,菜埔段永和小段,4638.00,非都市：特定農業區 ; 非都市編定：農牧用地
RPROMLOJPHNFFCQ07CA,崙子頂段,3919.00,非都市：特定農業區 ; 非都市編定：農牧用地
RPTNMLQLPHNFFCQ57CA,民工段,99.00,都市：住
RPPRMLKKPHNFFBQ76CA,德安段,35.06,都市：住
RPPRMLKKPHNFFBQ76CA,德安段,46.00,都市：住
RPPRMLKKPHNFFBQ76CA,德安段,16.47,都市：住
RPPNMLSJPHNFFBQ07CA,牛挑灣段松梅小段,53.33,非都市：鄉村區 ; 非都市編定：乙種建築用地
RPPNMLSJPHNFFBQ07CA,牛挑灣段松梅小段,73.00,非都市：鄉村區 ; 非都市編定：乙種建築用地
RPUNMLPJPHNFFBQ27CA,頭竹圍段,65.67,非都市：一般農業區 ; 非都市編定：交通用地
RPUNMLPJPHNFFBQ27CA,頭竹圍段,37.67,非都市：一般農業區 ; 非都市編定：水利用地
RPUNMLPJPHNFFBQ27CA,頭竹圍段,15.00,非都市：一般農業區 ; 非都市編定：養殖用地
RPUNMLPJPHNFFBQ27CA,頭竹圍段,3040.00,非都市：一般農業區 ; 非都市編定：養殖用地
RPUNMLPJPHNFFBQ27CA,頭竹圍段,3460.00,非都市：一般農業區 ; 非都市編定：養殖用地
RPUNMLPJPHNFFBQ27CA,頭竹圍段,1000.00,非都市：一般農業區 ; 非都市編定：養殖用地
RPRNMLKKPHNFFCQ66CA,東榮段,1.00,都市：住
RPRNMLKKPHNFFCQ66CA,東榮段,4.00,都市：住
RPQNMLKKPHNFFCQ56CA,游厝段,3177.00,非都市：特定農業區 ; 非都市編定：農牧用地
RPUNMLNKPHNFFCQ27CA,世興段,.78,都市：住
RPUNMLNKPHNFFCQ27CA,世興段,30.38,都市：住
RPRNMLTJPHNFFCQ47CA,大潭段北潭小段,3190.00,非都市：特定農業區 ; 非都市編定：農牧用地
RPRNMLTJPHNFFCQ47CA,大潭段北潭小段,1404.00,非都市：特定農業區 ; 非都市編定：農牧用地
RPPNMLMKPHNFFCQ66CA,民工段,331.00,都市：住
RPSNMLNLPHNFFCQ17CA,民文段,58.16,都市：住
RPSNMLNLPHNFFCQ17CA,民文段,30.71,都市：住
RPSNMLNLPHNFFCQ17CA,民文段,11.68,都市：其他
RPTNMLPJPHNFFCQ27CA,福南段,107.38,都市：住
RPQNMLRJPHNFFEQ37CA,大草埔段,776.00,非都市：一般農業區 ; 非都市編定：農牧用地
RPUNMLNKPHNFFDQ37CA,北回段,163.54,都市：住
RPRNMLRJPHNFFEQ47CA,梅南段,120.00,都市：農
RPVNMLTJPHNFFDQ97CA,水南段,272.01,都市：住
RPQNMLOKPHNFFDQ07CA,過溝段過溝小段,63.00,都市：住
RPQNMLOKPHNFFDQ07CA,過溝段過溝小段,30.50,都市：住
RPQNMLOKPHNFFDQ07CA,過溝段過溝小段,.08,都市：住
RPQNMLTKPHNFFDQ57CA,下六段司公小段,76.88,都市：住
RPQNMLTKPHNFFDQ57CA,下六段司公小段,35.50,都市：住
RPQNMLTKPHNFFDQ57CA,下六段司公小段,20.00,都市：住
RPQNMLTKPHNFFDQ57CA,下六段司公小段,8.25,都市：其他
RPQNMLTKPHNFFDQ57CA,下六段司公小段,6.25,都市：其他
RPQNMLTKPHNFFDQ57CA,下六段司公小段,1.25,都市：其他
RPQNMLTKPHNFFDQ57CA,下六段司公小段,3.88,都市：住
RPQNMLTKPHNFFDQ57CA,下六段司公小段,39.88,都市：住
RPQNMLTKPHNFFDQ57CA,下六段司公小段,134.75,都市：其他
RPQNMLTKPHNFFDQ57CA,下六段司公小段,187.38,都市：住
RPQNMLTKPHNFFDQ57CA,下六段司公小段,98.50,都市：其他
RPQNMLMLPHNFFEQ07CA,南下坑段,3754.20,非都市：山坡地保育區 ; 非都市編定：農牧用地
RPUNMLKMPHNFFDQ27CA,忠義段,139.83,都市：住
RPTNMLTJPHNFFDQ77CA,和雲段,83.11,非都市：鄉村區 ; 非都市編定：乙種建築用地
RPVNMLKMPHNFFDQ37CA,水西段,106.67,都市：住
RPVNMLKMPHNFFDQ37CA,水西段,.15,都市：住
RPTNMLPJPHNFFDQ47DA,檨仔林段,12.91,非都市：特定農業區 ; 非都市編定：交通用地
RPTNMLPJPHNFFDQ47DA,檨仔林段,238.94,非都市：特定農業區 ; 非都市編定：農牧用地
RPTNMLPJPHNFFDQ47DA,檨仔林段,38.52,非都市：特定農業區 ; 非都市編定：農牧用地
RPTNMLPJPHNFFDQ47DA,檨仔林段,960.64,非都市：特定農業區 ; 非都市編定：農牧用地
RPTNMLQJPHNFFDQ47CA,三界埔段,89.50,非都市：鄉村區 ; 非都市編定：乙種建築用地
RPTNMLQJPHNFFDQ47CA,三界埔段,461.00,非都市：鄉村區 ; 非都市編定：乙種建築用地
RPTNMLQJPHNFFDQ47CA,三界埔段,45.00,非都市：鄉村區 ; 非都市編定：乙種建築用地
RPTNMLQJPHNFFDQ47CA,三界埔段,676.50,非都市：特定農業區 ; 非都市編定：農牧用地
RPQNMLQJPHNFFDQ27DA,水東段,54.78,都市：住
RPRNMLTKPHNFFCQ57CA,義興段,76.82,都市：住
RPRNMLKMPHNFFBQ76CA,安福段,10.00,都市：其他
RPRNMLKMPHNFFBQ76CA,安福段,74.00,都市：其他
RPRNMLKMPHNFFBQ76CA,安福段,58.00,都市：住
RPTNMLNKPHNFFCQ17CA,建國段,31.00,非都市：鄉村區 ; 非都市編定：乙種建築用地
RPTNMLNKPHNFFCQ17CA,建國段,31.00,非都市：鄉村區 ; 非都市編定：乙種建築用地
RPRNMLKKPHNFFDQ76CA,十一指厝段,320.00,非都市：鄉村區 ; 非都市編定：乙種建築用地
RPVNMLQJPHNFFCQ57CA,中工段,103.44,非都市：工業區 ; 非都市編定：丁種建築用地
RPPNMLQJPHNFFDQ07CA,過溝段過溝小段,450.00,都市：農
RPPNMLQJPHNFFDQ07CA,過溝段過溝小段,1277.00,非都市：特定農業區 ; 非都市編定：農牧用地
RPSNMLLKPHNFFBQ76CA,潭子墘段潭墘小段,1487.86,非都市：特定農業區 ; 非都市編定：農牧用地
RPVNMLPJPHNFFDQ57CA,和溪段,87.50,非都市：特定農業區 ; 非都市編定：甲種建築用地
RPVNMLPJPHNFFDQ57CA,和溪段,8.01,非都市：特定農業區 ; 非都市編定：甲種建築用地
RPVNMLPJPHNFFDQ57CA,和溪段,18.68,非都市：特定農業區 ; 非都市編定：甲種建築用地
RPRNMLQJPHNFFCQ37EA,古民段新民小段,107.50,都市：住
RPSNMLQJPHNFFCQ47EA,古民段新民小段,105.75,都市：住
RPQNMLQJPHNFFBQ96CA,港墘段港墘小段,22.42,非都市：鄉村區 ; 非都市編定：乙種建築用地
RPQNMLQJPHNFFBQ96CA,港墘段港墘小段,21.67,非都市：鄉村區 ; 非都市編定：交通用地
RPQNMLQJPHNFFBQ96CA,港墘段港墘小段,344.70,非都市：鄉村區 ; 非都市編定：乙種建築用地
RPQNMLQJPHNFFBQ96CA,港墘段港墘小段,60.00,非都市：鄉村區 ; 非都市編定：交通用地
RPTNMLMKPHNFFCQ17DA,下埤頭段,195.00,非都市：鄉村區 ; 非都市編定：乙種建築用地
RPWOMLKKPHNFFBQ17CA,德安段,81.00,都市：住
RPUNMLQJPHNFFCQ67EA,雙援段,1567.00,非都市：特定農業區 ; 非都市編定：農牧用地
RPSNMLTJPHNFFBQ47CA,下竹圍段佳禾小段,30.27,非都市：特定農業區 ; 非都市編定：農牧用地
RPSNMLTJPHNFFBQ47CA,下竹圍段佳禾小段,380.59,非都市：特定農業區 ; 非都市編定：農牧用地
RPSNMLTJPHNFFBQ47CA,下竹圍段佳禾小段,.14,非都市：特定農業區 ; 非都市編定：農牧用地
RPTNMLQJPHNFFCQ57EA,古民段新民小段,115.45,都市：住
RPTNMLRKPHNFFBQ47CA,嘉朴段,812.32,都市：住
RPPNMLTLOHNFFDQ77CD,新大崙段,19.08,非都市：鄉村區 ; 非都市編定：乙種建築用地
RPPNMLTLOHNFFDQ77CD,新大崙段,26.84,非都市：鄉村區 ; 非都市編定：乙種建築用地
RPPNMLTLOHNFFDQ77CD,新大崙段,189.48,非都市：鄉村區 ; 非都市編定：乙種建築用地
RPQNMLNKPHNFFEQ17DA,糞箕湖段,145.00,非都市：風景區 ; 非都市編定：丙種建築用地
RPPNMLKLPHNFFCQ56CA,鴨母段雙福小段,2692.00,非都市：一般農業區 ; 非都市編定：農牧用地
RPSNMLQJPHNFFBQ17CA,貴舍段半月小段,2146.68,非都市：一般農業區 ; 非都市編定：農牧用地
RPRNMLPLPHNFFCQ27CA,排子路段排子路小段,4892.00,非都市：特定農業區 ; 非都市編定：農牧用地
RPUNMLMKPHNFFCQ17CA,溪東段,42.46,都市：住
RPRNMLTJPHNFFDQ57CA,外溪洲段溪洲小段,83.00,都市：住
RPRNMLNKPHNFFEQ27DA,糞箕湖段,339.00,非都市：風景區 ; 非都市編定：丙種建築用地
RPPNMLSKPHNFFBQ17CA,鴨母寮段竹村小段,2100.00,非都市：特定農業區 ; 非都市編定：農牧用地
RPPNMLMLPHNFFCQ76CA,柳子溝段柳一小段,2650.00,非都市：特定農業區 ; 非都市編定：農牧用地
RPWPMLKKPHNFFBQ27CA,德安段,77.00,都市：住
RPTNMLKKPHNFFCQ86CA,水頭段,65.59,非都市：鄉村區 ; 非都市編定：乙種建築用地
RPWNMLNKPHNFFCQ47CA,建國段,61.00,非都市：鄉村區 ; 非都市編定：乙種建築用地
RPRNMLOKPHNFFDQ17CA,三和段,182.10,都市：住
RPSNMLLKPHNFFEQ07CA,南下坑段,237.69,非都市： ; 非都市編定：
RPPOMLQJQHNFFDQ27CA,水西段,200.00,都市：住
RPUNMLTJPHNFFDQ97DA,新番子寮段,1660.04,非都市：鄉村區 ; 非都市編定：乙種建築用地
RPTNMLNJQHNFFCQ17CA,西安段,96.00,非都市：特定農業區 ; 非都市編定：甲種建築用地
RPPNMLNLPHNFFEQ07CA,梅南段,27.00,都市：農
RPPNMLNLPHNFFEQ07CA,梅南段,304.00,都市：農
RPSNMLTJPHNFFDQ67CA,埔心段埔心小段,1753.00,非都市：特定農業區 ; 非都市編定：農牧用地
RPTNMLTKPHNFFDQ87CA,東新段,838.65,都市：農
RPRNMLLMPHNFFDQ07CA,頂港子墘段,13.24,非都市：鄉村區 ; 非都市編定：乙種建築用地
RPRNMLLMPHNFFDQ07CA,頂港子墘段,76.00,非都市：鄉村區 ; 非都市編定：乙種建築用地
RPSNMLKLPHNFFEQ07CA,南下坑段,799.03,非都市：一般農業區 ; 非都市編定：農牧用地
RPPNMLQJQHNFFEQ27CA,灣中段,57.90,非都市：鄉村區 ; 非都市編定：乙種建築用地
RPPNMLSJPHNFFEQ37CA,和平段,153.27,都市：住
RPPNMLSJPHNFFEQ37CA,和平段,4.10,都市：住
RPPNMLSJPHNFFEQ37CA,和平段,5.02,都市：住
RPPNMLSJPHNFFEQ37CA,和平段,.05,都市：住
RPVNMLKKPHNFFDQ17CA,十一指厝段圳西小段,1671.00,非都市：鄉村區 ; 非都市編定：乙種建築用地
RPUNMLRKPHNFFBQ67DA,牛稠底段新富小段,49.50,非都市：鄉村區 ; 非都市編定：交通用地
RPOOMLMKPHNFFCQ66CA,秀林段,346.45,非都市：一般農業區 ; 非都市編定：農牧用地
RPPNMLNKPHNFFBQ76DA,新塭段好美小段,334.29,非都市：鄉村區 ; 非都市編定：乙種建築用地
RPOOMLMKPHNFFCQ66CA,秀林段,30.07,非都市：一般農業區 ; 非都市編定：交通用地
RPWNMLLJQHNFFEQ47CA,灣中段,60.03,非都市：鄉村區 ; 非都市編定：乙種建築用地
RPPNMLMKPHNFFBQ66DA,新塭段好美小段,277.21,非都市：鄉村區 ; 非都市編定：乙種建築用地
RPQNMLKKPHNFFEQ76CA,生毛樹段,1505.20,非都市：風景區 ; 非都市編定：農牧用地
RPUNMLLMPHNFFCQ27CA,金興段,8.80,都市：住
RPUNMLLMPHNFFCQ27CA,金興段,115.91,都市：其他
RPPNMLSLPHNFFDQ47CA,十一指厝段,25.00,非都市：鄉村區 ; 非都市編定：乙種建築用地
RPUNMLRJQHNFFBQ57CA,頂東石段黎明小段,131.60,非都市：特定專用區 ; 非都市編定：甲種建築用地
RPUNMLRJQHNFFBQ57CA,頂東石段黎明小段,131.60,非都市：特定專用區 ; 非都市編定：甲種建築用地
RPUNMLRJQHNFFBQ57CA,頂東石段黎明小段,131.60,非都市：特定專用區 ; 非都市編定：甲種建築用地
RPUNMLRJQHNFFBQ57CA,頂東石段黎明小段,131.60,非都市：特定專用區 ; 非都市編定：甲種建築用地
RPUNMLRJQHNFFBQ57CA,頂東石段黎明小段,131.60,非都市：特定專用區 ; 非都市編定：甲種建築用地
RPUNMLRJQHNFFBQ57CA,頂東石段黎明小段,156.47,非都市：特定專用區 ; 非都市編定：甲種建築用地
RPSNMLPLPHNFFCQ37CA,排子路段排子路小段,2206.00,非都市：特定農業區 ; 非都市編定：農牧用地
RPPNMLKKPHNFFBQ98CA,竹子腳段竹嘉小段,1761.00,非都市：特定農業區 ; 非都市編定：農牧用地
RPPNMLLKPHNFFBQ09CA,五間厝段五厝小段,3000.00,非都市：特定農業區 ; 非都市編定：農牧用地
RPTNMLMJQHNFFBQ96CA,埤子頭段埤前小段,1375.00,非都市：特定農業區 ; 非都市編定：農牧用地
RPPNMLLMPHNFFCQ96EA,三角段,2537.00,非都市：一般農業區 ; 非都市編定：農牧用地
RPQNMLKMPHNFFBQ66CA,大榔段大葛小段,2231.00,非都市：特定農業區 ; 非都市編定：農牧用地
RPTNMLLJQHNFFBQ86CA,新寮段,81.11,都市：住
RPTNMLLJQHNFFBQ86CA,新寮段,12.54,都市：其他
RPTNMLLJQHNFFBQ86CA,新寮段,3.37,都市：其他
RPTNMLLJQHNFFBQ86CA,新寮段,7.26,都市：住
RPRNMLQKPHNFFBQ17CA,平和段,18.00,都市：商
RPRNMLQKPHNFFBQ17CA,平和段,14.00,都市：商
RPRNMLQKPHNFFBQ17CA,鎮安段,355.00,都市：住
RPSNMLRKPHNFFCQ67EA,新月眉潭段,3.78,非都市：鄉村區 ; 非都市編定：交通用地
RPSNMLRKPHNFFCQ67EA,新月眉潭段,4.08,非都市：鄉村區 ; 非都市編定：乙種建築用地
RPSNMLRKPHNFFCQ67EA,新月眉潭段,102.56,非都市：鄉村區 ; 非都市編定：乙種建築用地
RPPNMLKKPHNFFCQ09CA,古民段新民小段,80.00,都市：住
RPQNMLLKPHNFFBQ56CA,德安段,1.23,都市：住
RPQNMLLKPHNFFBQ56CA,德安段,1.55,都市：住
RPQNMLLKPHNFFBQ56CA,德安段,28.00,都市：住
RPQNMLLKPHNFFBQ56CA,德安段,161.00,都市：住
RPQNMLLKPHNFFBQ56CA,德安段,6.09,都市：住
RPQNMLLKPHNFFBQ56CA,德安段,.49,都市：住
RPQNMLLKPHNFFCQ66CA,中樂段,26.00,都市：住
RPRNMLOLPHNFFBQ07CA,鎮安段,40.44,都市：住
RPRNMLMKPHNFFCQ86CA,菁埔段菁埔小段,3190.00,非都市：特定農業區 ; 非都市編定：農牧用地
RPTOMLKKPHNFFBQ86CA,溪洲段上溪小段,1044.00,非都市：特定農業區 ; 非都市編定：農牧用地
RPTOMLKKPHNFFBQ86CA,溪洲段上溪小段,1293.00,非都市：特定農業區 ; 非都市編定：農牧用地
RPPNMLKLPHNFFBQ09CA,安福段,137.00,都市：住
RPPNMLKLPHNFFBQ09CA,安福段,10.00,都市：住
RPPNMLKLPHNFFBQ09CA,安福段,15.16,都市：住
RPPNMLKLPHNFFBQ09CA,安福段,219.00,都市：住
RPSNMLKKPHNFFCQ76CA,民北段,5.33,都市：住
RPUNMLSLPHNFFCQ87CA,金興段,25.32,都市：其他
RPQNMLTLPHNFFBQ47CA,潭子墘段,365.00,非都市：鄉村區 ; 非都市編定：乙種建築用地
RPUNMLSLPHNFFCQ87CA,金興段,76.13,都市：住
RPSOMLLJQHNFFDQ07CA,和興段,65.12,非都市：鄉村區 ; 非都市編定：乙種建築用地
RPRNMLRKPHNFFDQ47CA,新舊埤段,66.86,非都市：特定農業區 ; 非都市編定：甲種建築用地
RPRNMLRKPHNFFDQ47CA,新舊埤段,1.03,非都市：特定農業區 ; 非都市編定：甲種建築用地
RPRNMLRKPHNFFDQ47CA,新舊埤段,4.09,非都市：特定農業區 ; 非都市編定：甲種建築用地
RPRNMLRKPHNFFDQ47CA,新舊埤段,2.02,非都市：特定農業區 ; 非都市編定：甲種建築用地
RPRNMLLKPHNFFCQ76CA,松子腳段,80.00,非都市：鄉村區 ; 非都市編定：乙種建築用地
SPVNMLKLPHNFFDQ37CA,粗溪段粗溪小段,52.64,都市：住
RPRNMLMKPHNFFDQ96CA,茄苳段春珠小段,2974.00,非都市：特定農業區 ; 非都市編定：農牧用地
RPQNMLQJQHNFFDQ27CA,北回段,83.77,都市：住
RPQNMLQJQHNFFDQ27CA,北回段,4.04,都市：住
RPQNMLQJQHNFFDQ27CA,北回段,15.31,都市：住
RPQNMLQJQHNFFDQ27CA,北回段,3.48,都市：住
RPQNMLQJQHNFFDQ27CA,北回段,.48,都市：住
RPPOMLMKPHNFFCQ76CA,三疊溪段,57.00,非都市：鄉村區 ; 非都市編定：乙種建築用地
RPPNMLNKPHNFFDQ86CA,埔美段,141.69,非都市：山坡地保育區 ; 非都市編定：丙種建築用地
RPVNMLKLPHNFFDQ27CA,粗溪段粗溪小段,52.64,都市：住
RPPOMLLJQHNFFCQ66CA,秀林段,115.72,非都市：一般農業區 ; 非都市編定：甲種建築用地
RPUNMLSJQHNFFBQ77DA,新塭段好美小段,402.09,非都市：鄉村區 ; 非都市編定：乙種建築用地
RPRNMLLKPHNFFDQ96DA,吳鳳廟段,27.88,都市：其他
RPRNMLLKPHNFFDQ96DA,吳鳳廟段,157.36,都市：其他
RPRNMLLKPHNFFDQ96DA,吳鳳廟段,114.63,都市：其他
RPRNMLLKPHNFFDQ96DA,吳鳳廟段,16.87,都市：住
RPQRMLKKPHNFFBQ96DA,牛稠底段新富小段,147.67,非都市：鄉村區 ; 非都市編定：乙種建築用地
RPQRMLKKPHNFFBQ96DA,牛稠底段新富小段,147.67,非都市：鄉村區 ; 非都市編定：乙種建築用地
RPQRMLKKPHNFFBQ96DA,牛稠底段新富小段,147.67,非都市：鄉村區 ; 非都市編定：乙種建築用地
RPRNMLLKPHNFFBQ76DA,六腳段六南小段,1305.80,非都市：特定農業區 ; 非都市編定：農牧用地
RPSNMLQKPHNFFBQ37DA,後崩山段,98.10,非都市：一般農業區 ; 非都市編定：農牧用地
RPSNMLQKPHNFFBQ37DA,後崩山段,10.80,非都市：一般農業區 ; 非都市編定：水利用地
RPSNMLQKPHNFFBQ37DA,後崩山段,45.90,非都市：一般農業區 ; 非都市編定：交通用地
RPSNMLQKPHNFFBQ37DA,後崩山段,999.45,非都市：一般農業區 ; 非都市編定：農牧用地
RPPNMLNKPHNFFEQ96CA,雙溪段,320.00,非都市：鄉村區 ; 非都市編定：乙種建築用地
RPQNMLQKPHNFFDQ37DA,十一指厝段,19.14,非都市：鄉村區 ; 非都市編定：乙種建築用地
RPQNMLQKPHNFFDQ37DA,十一指厝段,18.26,非都市：鄉村區 ; 非都市編定：乙種建築用地
RPQNMLQKPHNFFDQ37DA,十一指厝段,19.14,非都市：鄉村區 ; 非都市編定：乙種建築用地
RPQNMLQKPHNFFDQ37DA,十一指厝段,6.64,非都市：鄉村區 ; 非都市編定：乙種建築用地
RPQNMLQKPHNFFDQ37DA,十一指厝段,2.40,非都市：鄉村區 ; 非都市編定：乙種建築用地
RPQNMLQKPHNFFDQ37DA,十一指厝段,.88,非都市：鄉村區 ; 非都市編定：乙種建築用地
